{"freq_range": [1.953125, 29.296875], "freq_res": 0.9765625, "aperiodic_params_": [2.155798870856671, 1.7687082484947723], "gaussian_params_": [[8.448312146841946, 1.5367177685649351, 1.3579043937382203], [16.790206592307413, 0.6551043758043582, 1.717830504506467]], "peak_params_": [[8.448312146841946, 1.4891006462527838, 2.7158087874764405], [16.790206592307413, 0.6511661998924756, 3.435661009012934]], "r_squared_": 0.9794082069258137, "error_": 0.07755897640511514}
{"freq_range": [1.953125, 29.296875], "freq_res": 0.9765625, "aperiodic_params_": [1.6354302556928912, 1.6372611490080895], "gaussian_params_": [[9.313556482016807, 1.7341307542991862, 1.471574427417468], [13.28306228540804, 0.615574508863943, 1.3574940047886626], [18.19246007573728, 0.6719198547884118, 1.8085375227361271]], "peak_params_": [[9.313556482016807, 1.6756645146778946, 2.943148854834936], [13.28306228540804, 0.6419849131767391, 2.714988009577325], [18.19246007573728, 0.6589041084410304, 3.6170750454722542]], "r_squared_": 0.9882386848031884, "error_": 0.06640510132911245}
